{"cameraMode":{"drawMode":0,"name":"Shaded","section":"Shading Mode"},"sceneLighting":true,"audioPlay":false,"sceneViewState":{"m_AlwaysRefresh":false,"showFog":true,"showSkybox":true,"showFlares":true,"showImageEffects":true,"showParticleSystems":true,"showVisualEffectGraphs":true,"m_FxEnabled":true},"in2DMode":false,"pivot":{"x":-0.6391977071762085,"y":-0.2121102213859558,"z":-0.22562123835086823},"rotation":{"x":-0.008233258500695229,"y":0.977203369140625,"z":-0.2086000293493271,"w":-0.03856959193944931},"size":0.7568132281303406,"orthographic":false}