{"cameraMode":{"drawMode":0,"name":"Shaded","section":"Shading Mode"},"sceneLighting":true,"audioPlay":false,"sceneViewState":{"m_AlwaysRefresh":false,"showFog":true,"showSkybox":true,"showFlares":true,"showImageEffects":true,"showParticleSystems":true,"showVisualEffectGraphs":true,"m_FxEnabled":true},"in2DMode":false,"pivot":{"x":1.2597286701202393,"y":0.6181715130805969,"z":0.05720595270395279},"rotation":{"x":-0.00142839050386101,"y":0.9913933873176575,"z":-0.13042868673801423,"w":-0.010855208151042462},"size":0.9636505246162415,"orthographic":false}